{
  "status": "pilot_only_not_paper_result",
  "background_bias_warning": "available days were selected for positive coverage; continuous-scanning evaluation remains required",
  "folds": {
    "holdout_S12": {
      "counts": {
        "train": {
          "event": 402,
          "background": 390
        },
        "validation": {
          "event": 57,
          "background": 55
        },
        "test": {
          "event": 590,
          "background": 570
        }
      },
      "energy_rms": {
        "threshold": -1.5501971106191264,
        "tp": 581,
        "fp": 539,
        "fn": 9,
        "tn": 31,
        "precision": 0.51875,
        "recall": 0.9847457627118644,
        "f1": 0.6795321637426901,
        "false_positives_per_hour": 5.673684210526316
      },
      "sta_lta": {
        "threshold": 1.803455111862973,
        "tp": 585,
        "fp": 549,
        "fn": 5,
        "tn": 21,
        "precision": 0.5158730158730159,
        "recall": 0.9915254237288136,
        "f1": 0.6786542923433876,
        "false_positives_per_hour": 5.778947368421052
      },
      "logistic_handcrafted": {
        "threshold": 0.3626016277211071,
        "tp": 475,
        "fp": 27,
        "fn": 115,
        "tn": 543,
        "precision": 0.9462151394422311,
        "recall": 0.8050847457627118,
        "f1": 0.8699633699633699,
        "false_positives_per_hour": 0.28421052631578947
      }
    },
    "holdout_S14": {
      "counts": {
        "train": {
          "event": 178,
          "background": 174
        },
        "validation": {
          "event": 26,
          "background": 25
        },
        "test": {
          "event": 745,
          "background": 712
        }
      },
      "energy_rms": {
        "threshold": -0.6478417998343609,
        "tp": 652,
        "fp": 507,
        "fn": 93,
        "tn": 205,
        "precision": 0.5625539257981018,
        "recall": 0.8751677852348994,
        "f1": 0.6848739495798319,
        "false_positives_per_hour": 4.272471910112359
      },
      "sta_lta": {
        "threshold": 1.957480564806329,
        "tp": 732,
        "fp": 674,
        "fn": 13,
        "tn": 38,
        "precision": 0.5206258890469416,
        "recall": 0.9825503355704698,
        "f1": 0.6806136680613667,
        "false_positives_per_hour": 5.679775280898876
      },
      "logistic_handcrafted": {
        "threshold": 0.2591196740810586,
        "tp": 690,
        "fp": 459,
        "fn": 55,
        "tn": 253,
        "precision": 0.6005221932114883,
        "recall": 0.9261744966442953,
        "f1": 0.7286166842661036,
        "false_positives_per_hour": 3.8679775280898876
      }
    },
    "holdout_S15": {
      "counts": {
        "train": {
          "event": 421,
          "background": 406
        },
        "validation": {
          "event": 67,
          "background": 62
        },
        "test": {
          "event": 451,
          "background": 434
        }
      },
      "energy_rms": {
        "threshold": -1.3932609082678247,
        "tp": 447,
        "fp": 406,
        "fn": 4,
        "tn": 28,
        "precision": 0.5240328253223916,
        "recall": 0.991130820399113,
        "f1": 0.6855828220858897,
        "false_positives_per_hour": 5.612903225806452
      },
      "sta_lta": {
        "threshold": 1.5075757575733382,
        "tp": 451,
        "fp": 432,
        "fn": 0,
        "tn": 2,
        "precision": 0.5107587768969423,
        "recall": 1.0,
        "f1": 0.6761619190404797,
        "false_positives_per_hour": 5.972350230414747
      },
      "logistic_handcrafted": {
        "threshold": 0.459156815938826,
        "tp": 354,
        "fp": 141,
        "fn": 97,
        "tn": 293,
        "precision": 0.7151515151515152,
        "recall": 0.7849223946784922,
        "f1": 0.7484143763213531,
        "false_positives_per_hour": 1.9493087557603688
      }
    },
    "holdout_S16": {
      "counts": {
        "train": {
          "event": 453,
          "background": 439
        },
        "validation": {
          "event": 50,
          "background": 49
        },
        "test": {
          "event": 470,
          "background": 452
        }
      },
      "energy_rms": {
        "threshold": -1.3932609082678247,
        "tp": 469,
        "fp": 442,
        "fn": 1,
        "tn": 10,
        "precision": 0.5148188803512623,
        "recall": 0.997872340425532,
        "f1": 0.6792179580014482,
        "false_positives_per_hour": 5.867256637168142
      },
      "sta_lta": {
        "threshold": 2.3193473193402183,
        "tp": 461,
        "fp": 425,
        "fn": 9,
        "tn": 27,
        "precision": 0.5203160270880361,
        "recall": 0.9808510638297873,
        "f1": 0.6799410029498525,
        "false_positives_per_hour": 5.6415929203539825
      },
      "logistic_handcrafted": {
        "threshold": 0.4160042206664475,
        "tp": 316,
        "fp": 144,
        "fn": 154,
        "tn": 308,
        "precision": 0.6869565217391305,
        "recall": 0.6723404255319149,
        "f1": 0.6795698924731184,
        "false_positives_per_hour": 1.9115044247787611
      }
    }
  }
}
